<?xml version='1.0' encoding='UTF-8' standalone='yes' ?><hierarchy rotation="0"><node index="0" resource-id="" text="" class="android.widget.FrameLayout" package="com.sec.android.gallery3d" content-desc="" checkable="false" checked="false" clickable="false" enabled="true" focusable="false" focused="false" scrollable="false" long-clickable="false" password="false" selected="false" bounds="[0,0][1080,2058]"><node index="0" resource-id="" text="" class="android.widget.LinearLayout" package="com.sec.android.gallery3d" content-desc="" checkable="false" checked="false" clickable="false" enabled="true" focusable="false" focused="false" scrollable="false" long-clickable="false" password="false" selected="false" bounds="[0,0][1080,2058]"><node index="0" resource-id="" text="" class="android.widget.FrameLayout" package="com.sec.android.gallery3d" content-desc="" checkable="false" checked="false" clickable="false" enabled="true" focusable="false" focused="false" scrollable="false" long-clickable="false" password="false" selected="false" bounds="[0,81][1080,2058]"><node index="0" resource-id="com.sec.android.gallery3d:id/action_bar_root" text="" class="android.widget.LinearLayout" package="com.sec.android.gallery3d" content-desc="" checkable="false" checked="false" clickable="false" enabled="true" focusable="false" focused="false" scrollable="false" long-clickable="false" password="false" selected="false" bounds="[0,81][1080,2058]"><node index="0" resource-id="android:id/content" text="" class="android.widget.FrameLayout" package="com.sec.android.gallery3d" content-desc="" checkable="false" checked="false" clickable="false" enabled="true" focusable="false" focused="false" scrollable="false" long-clickable="false" password="false" selected="false" bounds="[0,81][1080,2058]"><node index="0" resource-id="com.sec.android.gallery3d:id/content_layout" text="" class="android.widget.FrameLayout" package="com.sec.android.gallery3d" content-desc="" checkable="false" checked="false" clickable="false" enabled="true" focusable="false" focused="false" scrollable="false" long-clickable="false" password="false" selected="false" bounds="[0,81][1080,2058]"><node index="0" resource-id="com.sec.android.gallery3d:id/content" text="" class="android.widget.FrameLayout" package="com.sec.android.gallery3d" content-desc="" checkable="false" checked="false" clickable="false" enabled="true" focusable="false" focused="false" scrollable="false" long-clickable="false" password="false" selected="false" bounds="[0,81][1080,2058]"><node index="0" resource-id="" text="" class="android.view.ViewGroup" package="com.sec.android.gallery3d" content-desc="" checkable="false" checked="false" clickable="false" enabled="true" focusable="false" focused="false" scrollable="false" long-clickable="false" password="false" selected="false" bounds="[0,81][1080,2058]"><node index="0" resource-id="com.sec.android.gallery3d:id/appbar" text="" class="android.widget.LinearLayout" package="com.sec.android.gallery3d" content-desc="" checkable="false" checked="false" clickable="false" enabled="true" focusable="false" focused="false" scrollable="false" long-clickable="false" password="false" selected="false" bounds="[0,81][1080,311]"><node index="0" resource-id="com.sec.android.gallery3d:id/toolbar_layout" text="" class="android.widget.FrameLayout" package="com.sec.android.gallery3d" content-desc="" checkable="false" checked="false" clickable="false" enabled="true" focusable="false" focused="false" scrollable="false" long-clickable="false" password="false" selected="false" bounds="[0,81][1080,270]"><node index="0" resource-id="com.sec.android.gallery3d:id/collpasing_app_bar_title_layout_parent" text="" class="android.widget.LinearLayout" package="com.sec.android.gallery3d" content-desc="" checkable="false" checked="false" clickable="false" enabled="true" focusable="false" focused="false" scrollable="false" long-clickable="false" password="false" selected="false" bounds="[0,81][1080,270]" /><node index="1" resource-id="com.sec.android.gallery3d:id/toolbar" text="" class="android.view.ViewGroup" package="com.sec.android.gallery3d" content-desc="" checkable="false" checked="false" clickable="false" enabled="true" focusable="false" focused="false" scrollable="false" long-clickable="false" password="false" selected="false" bounds="[0,81][1080,270]"><node index="0" resource-id="" text="" class="android.widget.ImageButton" package="com.sec.android.gallery3d" content-desc="Navigate up" checkable="false" checked="false" clickable="true" enabled="true" focusable="true" focused="false" scrollable="false" long-clickable="true" password="false" selected="false" bounds="[0,81][189,270]" /><node index="1" resource-id="" text="Downloads" class="android.widget.TextView" package="com.sec.android.gallery3d" content-desc="" checkable="false" checked="false" clickable="false" enabled="true" focusable="false" focused="false" scrollable="false" long-clickable="false" password="false" selected="false" bounds="[189,98][508,184]" /><node index="2" resource-id="" text="34 images" class="android.widget.TextView" package="com.sec.android.gallery3d" content-desc="" checkable="false" checked="false" clickable="false" enabled="true" focusable="false" focused="false" scrollable="false" long-clickable="false" password="false" selected="false" bounds="[189,184][421,252]" /><node index="3" resource-id="" text="" class="androidx.appcompat.widget.LinearLayoutCompat" package="com.sec.android.gallery3d" content-desc="" checkable="false" checked="false" clickable="false" enabled="true" focusable="false" focused="false" scrollable="false" long-clickable="false" password="false" selected="false" bounds="[595,81][1080,270]"><node index="0" resource-id="com.sec.android.gallery3d:id/action_create_movie_v2" text="" class="android.widget.Button" package="com.sec.android.gallery3d" content-desc="Create movie" checkable="false" checked="false" clickable="true" enabled="true" focusable="true" focused="false" scrollable="false" long-clickable="true" password="false" selected="false" bounds="[595,81][758,270]" /><node index="1" resource-id="com.sec.android.gallery3d:id/action_search" text="" class="android.widget.Button" package="com.sec.android.gallery3d" content-desc="Search" checkable="false" checked="false" clickable="true" enabled="true" focusable="true" focused="false" scrollable="false" long-clickable="true" password="false" selected="false" bounds="[758,81][921,270]" /><node index="2" resource-id="" text="" class="android.widget.FrameLayout" package="com.sec.android.gallery3d" content-desc="" checkable="false" checked="false" clickable="false" enabled="true" focusable="false" focused="false" scrollable="false" long-clickable="false" password="false" selected="false" bounds="[921,81][1080,270]"><node index="0" resource-id="" text="" class="android.widget.ImageView" package="com.sec.android.gallery3d" content-desc="More options" checkable="false" checked="false" clickable="true" enabled="true" focusable="true" focused="false" scrollable="false" long-clickable="true" password="false" selected="false" bounds="[921,81][1080,270]" /></node></node></node></node></node><node index="1" resource-id="" text="" class="android.widget.RelativeLayout" package="com.sec.android.gallery3d" content-desc="" checkable="false" checked="false" clickable="false" enabled="true" focusable="false" focused="false" scrollable="false" long-clickable="false" password="false" selected="false" bounds="[0,311][1080,2058]"><node index="0" resource-id="" text="" class="android.widget.FrameLayout" package="com.sec.android.gallery3d" content-desc="" checkable="false" checked="false" clickable="false" enabled="true" focusable="false" focused="false" scrollable="false" long-clickable="false" password="false" selected="false" bounds="[0,311][1080,2058]"><node index="0" resource-id="" text="" class="android.widget.FrameLayout" package="com.sec.android.gallery3d" content-desc="" checkable="false" checked="false" clickable="false" enabled="true" focusable="false" focused="false" scrollable="false" long-clickable="false" password="false" selected="false" bounds="[0,311][1080,2058]"><node index="0" resource-id="" text="" class="android.widget.FrameLayout" package="com.sec.android.gallery3d" content-desc="" checkable="false" checked="false" clickable="false" enabled="true" focusable="false" focused="false" scrollable="false" long-clickable="false" password="false" selected="false" bounds="[0,311][1080,2058]"><node index="0" resource-id="com.sec.android.gallery3d:id/my_recycler_view" text="" class="android.view.ViewGroup" package="com.sec.android.gallery3d" content-desc="" checkable="false" checked="false" clickable="false" enabled="true" focusable="true" focused="false" scrollable="true" long-clickable="false" password="false" selected="false" bounds="[0,311][1080,2058]"><node index="0" resource-id="com.sec.android.gallery3d:id/recycler_view_item" text="" class="android.widget.FrameLayout" package="com.sec.android.gallery3d" content-desc="Button" checkable="false" checked="false" clickable="true" enabled="true" focusable="true" focused="false" scrollable="false" long-clickable="true" password="false" selected="false" bounds="[0,311][360,671]"><node index="0" resource-id="com.sec.android.gallery3d:id/thumbnail" text="" class="android.widget.ImageView" package="com.sec.android.gallery3d" content-desc="" checkable="false" checked="false" clickable="false" enabled="true" focusable="false" focused="false" scrollable="false" long-clickable="false" password="false" selected="false" bounds="[2,313][358,669]" /></node><node index="1" resource-id="com.sec.android.gallery3d:id/recycler_view_item" text="" class="android.widget.FrameLayout" package="com.sec.android.gallery3d" content-desc="Button" checkable="false" checked="false" clickable="true" enabled="true" focusable="true" focused="false" scrollable="false" long-clickable="true" password="false" selected="false" bounds="[360,311][720,671]"><node index="0" resource-id="com.sec.android.gallery3d:id/thumbnail" text="" class="android.widget.ImageView" package="com.sec.android.gallery3d" content-desc="" checkable="false" checked="false" clickable="false" enabled="true" focusable="false" focused="false" scrollable="false" long-clickable="false" password="false" selected="false" bounds="[362,313][718,669]" /></node><node index="2" resource-id="com.sec.android.gallery3d:id/recycler_view_item" text="" class="android.widget.FrameLayout" package="com.sec.android.gallery3d" content-desc="Button" checkable="false" checked="false" clickable="true" enabled="true" focusable="true" focused="false" scrollable="false" long-clickable="true" password="false" selected="false" bounds="[720,311][1080,671]"><node index="0" resource-id="com.sec.android.gallery3d:id/thumbnail" text="" class="android.widget.ImageView" package="com.sec.android.gallery3d" content-desc="" checkable="false" checked="false" clickable="false" enabled="true" focusable="false" focused="false" scrollable="false" long-clickable="false" password="false" selected="false" bounds="[722,313][1078,669]" /></node><node index="3" resource-id="com.sec.android.gallery3d:id/recycler_view_item" text="" class="android.widget.FrameLayout" package="com.sec.android.gallery3d" content-desc="Button" checkable="false" checked="false" clickable="true" enabled="true" focusable="true" focused="false" scrollable="false" long-clickable="true" password="false" selected="false" bounds="[0,671][360,1031]"><node index="0" resource-id="com.sec.android.gallery3d:id/thumbnail" text="" class="android.widget.ImageView" package="com.sec.android.gallery3d" content-desc="" checkable="false" checked="false" clickable="false" enabled="true" focusable="false" focused="false" scrollable="false" long-clickable="false" password="false" selected="false" bounds="[2,673][358,1029]" /></node><node index="4" resource-id="com.sec.android.gallery3d:id/recycler_view_item" text="" class="android.widget.FrameLayout" package="com.sec.android.gallery3d" content-desc="Button" checkable="false" checked="false" clickable="true" enabled="true" focusable="true" focused="false" scrollable="false" long-clickable="true" password="false" selected="false" bounds="[360,671][720,1031]"><node index="0" resource-id="com.sec.android.gallery3d:id/thumbnail" text="" class="android.widget.ImageView" package="com.sec.android.gallery3d" content-desc="" checkable="false" checked="false" clickable="false" enabled="true" focusable="false" focused="false" scrollable="false" long-clickable="false" password="false" selected="false" bounds="[362,673][718,1029]" /></node><node index="5" resource-id="com.sec.android.gallery3d:id/recycler_view_item" text="" class="android.widget.FrameLayout" package="com.sec.android.gallery3d" content-desc="Button" checkable="false" checked="false" clickable="true" enabled="true" focusable="true" focused="false" scrollable="false" long-clickable="true" password="false" selected="false" bounds="[720,671][1080,1031]"><node index="0" resource-id="com.sec.android.gallery3d:id/thumbnail" text="" class="android.widget.ImageView" package="com.sec.android.gallery3d" content-desc="" checkable="false" checked="false" clickable="false" enabled="true" focusable="false" focused="false" scrollable="false" long-clickable="false" password="false" selected="false" bounds="[722,673][1078,1029]" /></node><node index="6" resource-id="com.sec.android.gallery3d:id/recycler_view_item" text="" class="android.widget.FrameLayout" package="com.sec.android.gallery3d" content-desc="Button" checkable="false" checked="false" clickable="true" enabled="true" focusable="true" focused="false" scrollable="false" long-clickable="true" password="false" selected="false" bounds="[0,1031][360,1391]"><node index="0" resource-id="com.sec.android.gallery3d:id/thumbnail" text="" class="android.widget.ImageView" package="com.sec.android.gallery3d" content-desc="" checkable="false" checked="false" clickable="false" enabled="true" focusable="false" focused="false" scrollable="false" long-clickable="false" password="false" selected="false" bounds="[2,1033][358,1389]" /></node><node index="7" resource-id="com.sec.android.gallery3d:id/recycler_view_item" text="" class="android.widget.FrameLayout" package="com.sec.android.gallery3d" content-desc="Button" checkable="false" checked="false" clickable="true" enabled="true" focusable="true" focused="false" scrollable="false" long-clickable="true" password="false" selected="false" bounds="[360,1031][720,1391]"><node index="0" resource-id="com.sec.android.gallery3d:id/thumbnail" text="" class="android.widget.ImageView" package="com.sec.android.gallery3d" content-desc="" checkable="false" checked="false" clickable="false" enabled="true" focusable="false" focused="false" scrollable="false" long-clickable="false" password="false" selected="false" bounds="[362,1033][718,1389]" /></node><node index="8" resource-id="com.sec.android.gallery3d:id/recycler_view_item" text="" class="android.widget.FrameLayout" package="com.sec.android.gallery3d" content-desc="Button" checkable="false" checked="false" clickable="true" enabled="true" focusable="true" focused="false" scrollable="false" long-clickable="true" password="false" selected="false" bounds="[720,1031][1080,1391]"><node index="0" resource-id="com.sec.android.gallery3d:id/thumbnail" text="" class="android.widget.ImageView" package="com.sec.android.gallery3d" content-desc="" checkable="false" checked="false" clickable="false" enabled="true" focusable="false" focused="false" scrollable="false" long-clickable="false" password="false" selected="false" bounds="[722,1033][1078,1389]" /></node><node index="9" resource-id="com.sec.android.gallery3d:id/recycler_view_item" text="" class="android.widget.FrameLayout" package="com.sec.android.gallery3d" content-desc="Button" checkable="false" checked="false" clickable="true" enabled="true" focusable="true" focused="false" scrollable="false" long-clickable="true" password="false" selected="false" bounds="[0,1391][360,1751]"><node index="0" resource-id="com.sec.android.gallery3d:id/thumbnail" text="" class="android.widget.ImageView" package="com.sec.android.gallery3d" content-desc="" checkable="false" checked="false" clickable="false" enabled="true" focusable="false" focused="false" scrollable="false" long-clickable="false" password="false" selected="false" bounds="[2,1393][358,1749]" /></node><node index="10" resource-id="com.sec.android.gallery3d:id/recycler_view_item" text="" class="android.widget.FrameLayout" package="com.sec.android.gallery3d" content-desc="Button" checkable="false" checked="false" clickable="true" enabled="true" focusable="true" focused="false" scrollable="false" long-clickable="true" password="false" selected="false" bounds="[360,1391][720,1751]"><node index="0" resource-id="com.sec.android.gallery3d:id/thumbnail" text="" class="android.widget.ImageView" package="com.sec.android.gallery3d" content-desc="" checkable="false" checked="false" clickable="false" enabled="true" focusable="false" focused="false" scrollable="false" long-clickable="false" password="false" selected="false" bounds="[362,1393][718,1749]" /></node><node index="11" resource-id="com.sec.android.gallery3d:id/recycler_view_item" text="" class="android.widget.FrameLayout" package="com.sec.android.gallery3d" content-desc="Button" checkable="false" checked="false" clickable="true" enabled="true" focusable="true" focused="false" scrollable="false" long-clickable="true" password="false" selected="false" bounds="[720,1391][1080,1751]"><node index="0" resource-id="com.sec.android.gallery3d:id/thumbnail" text="" class="android.widget.ImageView" package="com.sec.android.gallery3d" content-desc="" checkable="false" checked="false" clickable="false" enabled="true" focusable="false" focused="false" scrollable="false" long-clickable="false" password="false" selected="false" bounds="[722,1393][1078,1749]" /></node><node index="12" resource-id="com.sec.android.gallery3d:id/recycler_view_item" text="" class="android.widget.FrameLayout" package="com.sec.android.gallery3d" content-desc="Button" checkable="false" checked="false" clickable="true" enabled="true" focusable="true" focused="false" scrollable="false" long-clickable="true" password="false" selected="false" bounds="[0,1751][360,2058]"><node index="0" resource-id="com.sec.android.gallery3d:id/thumbnail" text="" class="android.widget.ImageView" package="com.sec.android.gallery3d" content-desc="" checkable="false" checked="false" clickable="false" enabled="true" focusable="false" focused="false" scrollable="false" long-clickable="false" password="false" selected="false" bounds="[2,1753][358,2058]" /></node><node index="13" resource-id="com.sec.android.gallery3d:id/recycler_view_item" text="" class="android.widget.FrameLayout" package="com.sec.android.gallery3d" content-desc="Button" checkable="false" checked="false" clickable="true" enabled="true" focusable="true" focused="false" scrollable="false" long-clickable="true" password="false" selected="false" bounds="[360,1751][720,2058]"><node index="0" resource-id="com.sec.android.gallery3d:id/thumbnail" text="" class="android.widget.ImageView" package="com.sec.android.gallery3d" content-desc="" checkable="false" checked="false" clickable="false" enabled="true" focusable="false" focused="false" scrollable="false" long-clickable="false" password="false" selected="false" bounds="[362,1753][718,2058]" /></node><node index="14" resource-id="com.sec.android.gallery3d:id/recycler_view_item" text="" class="android.widget.FrameLayout" package="com.sec.android.gallery3d" content-desc="Button" checkable="false" checked="false" clickable="true" enabled="true" focusable="true" focused="false" scrollable="false" long-clickable="true" password="false" selected="false" bounds="[720,1751][1080,2058]"><node index="0" resource-id="com.sec.android.gallery3d:id/thumbnail" text="" class="android.widget.ImageView" package="com.sec.android.gallery3d" content-desc="" checkable="false" checked="false" clickable="false" enabled="true" focusable="false" focused="false" scrollable="false" long-clickable="false" password="false" selected="false" bounds="[722,1753][1078,2058]" /></node></node></node></node></node></node></node></node></node></node></node></node></node></node></hierarchy>