<?xml version='1.0' encoding='UTF-8' standalone='yes' ?><hierarchy rotation="0"><node index="0" resource-id="" text="" class="android.widget.FrameLayout" package="com.sec.android.gallery3d" content-desc="" checkable="false" checked="false" clickable="false" enabled="true" focusable="false" focused="false" scrollable="false" long-clickable="false" password="false" selected="false" bounds="[0,0][1080,2058]"><node index="0" resource-id="" text="" class="android.widget.LinearLayout" package="com.sec.android.gallery3d" content-desc="" checkable="false" checked="false" clickable="false" enabled="true" focusable="false" focused="false" scrollable="false" long-clickable="false" password="false" selected="false" bounds="[0,0][1080,2058]"><node index="0" resource-id="" text="" class="android.widget.FrameLayout" package="com.sec.android.gallery3d" content-desc="" checkable="false" checked="false" clickable="false" enabled="true" focusable="false" focused="false" scrollable="false" long-clickable="false" password="false" selected="false" bounds="[0,0][1080,2058]"><node index="0" resource-id="com.sec.android.gallery3d:id/action_bar_root" text="" class="android.widget.LinearLayout" package="com.sec.android.gallery3d" content-desc="" checkable="false" checked="false" clickable="false" enabled="true" focusable="false" focused="false" scrollable="false" long-clickable="false" password="false" selected="false" bounds="[0,0][1080,2058]"><node index="0" resource-id="android:id/content" text="" class="android.widget.FrameLayout" package="com.sec.android.gallery3d" content-desc="" checkable="false" checked="false" clickable="false" enabled="true" focusable="false" focused="false" scrollable="false" long-clickable="false" password="false" selected="false" bounds="[0,0][1080,2058]"><node index="0" resource-id="com.sec.android.gallery3d:id/content_layout" text="" class="android.widget.FrameLayout" package="com.sec.android.gallery3d" content-desc="" checkable="false" checked="false" clickable="false" enabled="true" focusable="false" focused="false" scrollable="false" long-clickable="false" password="false" selected="false" bounds="[0,0][1080,2058]"><node index="0" resource-id="com.sec.android.gallery3d:id/content" text="" class="android.widget.FrameLayout" package="com.sec.android.gallery3d" content-desc="" checkable="false" checked="false" clickable="false" enabled="true" focusable="false" focused="false" scrollable="false" long-clickable="false" password="false" selected="false" bounds="[0,0][1080,2058]"><node index="0" resource-id="" text="" class="android.widget.RelativeLayout" package="com.sec.android.gallery3d" content-desc="" checkable="false" checked="false" clickable="false" enabled="true" focusable="false" focused="false" scrollable="false" long-clickable="false" password="false" selected="false" bounds="[0,0][1080,2058]"><node index="0" resource-id="com.sec.android.gallery3d:id/moreinfo_coordinator_layout" text="" class="android.view.ViewGroup" package="com.sec.android.gallery3d" content-desc="" checkable="false" checked="false" clickable="false" enabled="true" focusable="false" focused="false" scrollable="false" long-clickable="false" password="false" selected="false" bounds="[0,0][1080,2058]"><node index="0" resource-id="" text="" class="androidx.viewpager.widget.ViewPager" package="com.sec.android.gallery3d" content-desc="" checkable="false" checked="false" clickable="false" enabled="true" focusable="true" focused="false" scrollable="true" long-clickable="false" password="false" selected="false" bounds="[0,0][1080,2058]"><node index="2" resource-id="" text="" class="android.widget.RelativeLayout" package="com.sec.android.gallery3d" content-desc="" checkable="false" checked="false" clickable="false" enabled="true" focusable="false" focused="false" scrollable="false" long-clickable="false" password="false" selected="false" bounds="[0,0][1080,2058]"><node NAF="true" index="0" resource-id="com.sec.android.gallery3d:id/photo_view" text="" class="android.widget.ImageView" package="com.sec.android.gallery3d" content-desc="" checkable="false" checked="false" clickable="true" enabled="true" focusable="true" focused="false" scrollable="false" long-clickable="false" password="false" selected="false" bounds="[0,0][1080,2058]" /><node index="1" resource-id="com.sec.android.gallery3d:id/bottom_window_inset_setter" text="" class="android.widget.RelativeLayout" package="com.sec.android.gallery3d" content-desc="" checkable="false" checked="false" clickable="false" enabled="true" focusable="false" focused="false" scrollable="false" long-clickable="false" password="false" selected="false" bounds="[0,0][1080,2058]"><node index="0" resource-id="" text="" class="android.widget.LinearLayout" package="com.sec.android.gallery3d" content-desc="" checkable="false" checked="false" clickable="false" enabled="true" focusable="false" focused="false" scrollable="false" long-clickable="false" password="false" selected="false" bounds="[0,1839][1080,1883]" /></node><node index="2" resource-id="com.sec.android.gallery3d:id/top_window_inset_setter" text="" class="android.widget.RelativeLayout" package="com.sec.android.gallery3d" content-desc="" checkable="false" checked="false" clickable="false" enabled="true" focusable="false" focused="false" scrollable="false" long-clickable="false" password="false" selected="false" bounds="[0,0][1080,2058]" /></node></node></node><node index="1" resource-id="com.sec.android.gallery3d:id/main_layout" text="" class="android.widget.RelativeLayout" package="com.sec.android.gallery3d" content-desc="" checkable="false" checked="false" clickable="false" enabled="true" focusable="false" focused="false" scrollable="false" long-clickable="false" password="false" selected="false" bounds="[0,0][1080,2058]"><node index="0" resource-id="com.sec.android.gallery3d:id/viewer_toolbar" text="" class="android.widget.LinearLayout" package="com.sec.android.gallery3d" content-desc="" checkable="false" checked="false" clickable="false" enabled="true" focusable="false" focused="false" scrollable="false" long-clickable="false" password="false" selected="false" bounds="[0,81][1080,270]"><node index="0" resource-id="com.sec.android.gallery3d:id/toolbar" text="" class="android.view.ViewGroup" package="com.sec.android.gallery3d" content-desc="" checkable="false" checked="false" clickable="false" enabled="true" focusable="false" focused="false" scrollable="false" long-clickable="false" password="false" selected="false" bounds="[0,81][1080,270]"><node index="0" resource-id="" text="" class="android.widget.ImageButton" package="com.sec.android.gallery3d" content-desc="Navigate up" checkable="false" checked="false" clickable="true" enabled="true" focusable="true" focused="false" scrollable="false" long-clickable="true" password="false" selected="false" bounds="[0,81][189,270]" /><node index="1" resource-id="" text="" class="androidx.appcompat.widget.LinearLayoutCompat" package="com.sec.android.gallery3d" content-desc="" checkable="false" checked="false" clickable="false" enabled="true" focusable="false" focused="false" scrollable="false" long-clickable="false" password="false" selected="false" bounds="[758,81][1080,270]"><node index="0" resource-id="com.sec.android.gallery3d:id/action_force_rotate" text="" class="android.widget.Button" package="com.sec.android.gallery3d" content-desc="Rotate" checkable="false" checked="false" clickable="true" enabled="true" focusable="true" focused="false" scrollable="false" long-clickable="true" password="false" selected="false" bounds="[758,81][921,270]" /><node index="1" resource-id="" text="" class="android.widget.FrameLayout" package="com.sec.android.gallery3d" content-desc="" checkable="false" checked="false" clickable="false" enabled="true" focusable="false" focused="false" scrollable="false" long-clickable="false" password="false" selected="false" bounds="[921,81][1080,270]"><node index="0" resource-id="" text="" class="android.widget.ImageView" package="com.sec.android.gallery3d" content-desc="More options" checkable="false" checked="false" clickable="true" enabled="true" focusable="true" focused="false" scrollable="false" long-clickable="true" password="false" selected="false" bounds="[921,81][1080,270]" /></node></node></node></node><node index="1" resource-id="com.sec.android.gallery3d:id/option_view" text="" class="android.widget.LinearLayout" package="com.sec.android.gallery3d" content-desc="" checkable="false" checked="false" clickable="false" enabled="true" focusable="false" focused="false" scrollable="false" long-clickable="false" password="false" selected="false" bounds="[0,1831][1080,2058]"><node index="1" resource-id="com.sec.android.gallery3d:id/fast_option_view" text="" class="android.widget.RelativeLayout" package="com.sec.android.gallery3d" content-desc="" checkable="false" checked="false" clickable="false" enabled="true" focusable="false" focused="false" scrollable="false" long-clickable="false" password="false" selected="false" bounds="[0,1882][1080,2058]"><node index="0" resource-id="com.sec.android.gallery3d:id/fastoptioncontainer" text="" class="android.widget.LinearLayout" package="com.sec.android.gallery3d" content-desc="" checkable="false" checked="false" clickable="false" enabled="true" focusable="false" focused="false" scrollable="false" long-clickable="false" password="false" selected="false" bounds="[0,1882][1080,2058]"><node index="0" resource-id="com.sec.android.gallery3d:id/btn_favorite" text="" class="android.widget.RelativeLayout" package="com.sec.android.gallery3d" content-desc="Add to Favourites" checkable="false" checked="false" clickable="true" enabled="true" focusable="true" focused="false" scrollable="false" long-clickable="false" password="false" selected="false" bounds="[81,1882][310,2058]"><node index="0" resource-id="" text="" class="android.widget.RelativeLayout" package="com.sec.android.gallery3d" content-desc="" checkable="false" checked="false" clickable="false" enabled="true" focusable="false" focused="false" scrollable="false" long-clickable="false" password="false" selected="false" bounds="[81,1882][310,2044]"><node index="0" resource-id="com.sec.android.gallery3d:id/img" text="" class="android.widget.ImageView" package="com.sec.android.gallery3d" content-desc="" checkable="false" checked="false" clickable="false" enabled="true" focusable="false" focused="false" scrollable="false" long-clickable="false" password="false" selected="false" bounds="[155,1922][236,2003]" /></node></node><node index="1" resource-id="com.sec.android.gallery3d:id/btn_edit" text="" class="android.widget.RelativeLayout" package="com.sec.android.gallery3d" content-desc="Edit button" checkable="false" checked="false" clickable="true" enabled="true" focusable="true" focused="false" scrollable="false" long-clickable="false" password="false" selected="false" bounds="[310,1882][539,2058]"><node index="0" resource-id="" text="" class="android.widget.RelativeLayout" package="com.sec.android.gallery3d" content-desc="" checkable="false" checked="false" clickable="false" enabled="true" focusable="false" focused="false" scrollable="false" long-clickable="false" password="false" selected="false" bounds="[310,1882][539,2044]"><node index="0" resource-id="com.sec.android.gallery3d:id/img" text="" class="android.widget.ImageView" package="com.sec.android.gallery3d" content-desc="" checkable="false" checked="false" clickable="false" enabled="true" focusable="false" focused="false" scrollable="false" long-clickable="false" password="false" selected="false" bounds="[384,1922][465,2003]" /></node></node><node index="2" resource-id="com.sec.android.gallery3d:id/btn_share" text="" class="android.widget.RelativeLayout" package="com.sec.android.gallery3d" content-desc="Share button" checkable="false" checked="false" clickable="true" enabled="true" focusable="true" focused="false" scrollable="false" long-clickable="false" password="false" selected="false" bounds="[539,1882][769,2058]"><node index="0" resource-id="" text="" class="android.widget.RelativeLayout" package="com.sec.android.gallery3d" content-desc="" checkable="false" checked="false" clickable="false" enabled="true" focusable="false" focused="false" scrollable="false" long-clickable="false" password="false" selected="false" bounds="[539,1882][769,2044]"><node index="0" resource-id="com.sec.android.gallery3d:id/img" text="" class="android.widget.ImageView" package="com.sec.android.gallery3d" content-desc="" checkable="false" checked="false" clickable="false" enabled="true" focusable="false" focused="false" scrollable="false" long-clickable="false" password="false" selected="false" bounds="[613,1922][694,2003]" /></node></node><node index="3" resource-id="com.sec.android.gallery3d:id/btn_delete" text="" class="android.widget.RelativeLayout" package="com.sec.android.gallery3d" content-desc="Delete button" checkable="false" checked="false" clickable="true" enabled="true" focusable="true" focused="false" scrollable="false" long-clickable="false" password="false" selected="false" bounds="[769,1882][999,2058]"><node index="0" resource-id="" text="" class="android.widget.RelativeLayout" package="com.sec.android.gallery3d" content-desc="" checkable="false" checked="false" clickable="false" enabled="true" focusable="false" focused="false" scrollable="false" long-clickable="false" password="false" selected="false" bounds="[769,1882][999,2044]"><node index="0" resource-id="com.sec.android.gallery3d:id/img" text="" class="android.widget.ImageView" package="com.sec.android.gallery3d" content-desc="" checkable="false" checked="false" clickable="false" enabled="true" focusable="false" focused="false" scrollable="false" long-clickable="false" password="false" selected="false" bounds="[843,1922][924,2003]" /></node></node></node></node></node></node></node></node></node></node></node></node></node></node></hierarchy>