<?xml version='1.0' encoding='UTF-8' standalone='yes' ?><hierarchy rotation="0"><node index="0" resource-id="" text="" class="android.widget.FrameLayout" package="com.sec.android.app.launcher" content-desc="" checkable="false" checked="false" clickable="false" enabled="true" focusable="false" focused="false" scrollable="false" long-clickable="false" password="false" selected="false" bounds="[0,0][1080,2058]"><node index="0" resource-id="" text="" class="android.widget.LinearLayout" package="com.sec.android.app.launcher" content-desc="" checkable="false" checked="false" clickable="false" enabled="true" focusable="false" focused="false" scrollable="false" long-clickable="false" password="false" selected="false" bounds="[0,0][1080,2058]"><node index="0" resource-id="android:id/content" text="" class="android.widget.FrameLayout" package="com.sec.android.app.launcher" content-desc="" checkable="false" checked="false" clickable="false" enabled="true" focusable="false" focused="false" scrollable="false" long-clickable="false" password="false" selected="false" bounds="[0,0][1080,2058]"><node index="0" resource-id="com.sec.android.app.launcher:id/launcher" text="" class="android.widget.FrameLayout" package="com.sec.android.app.launcher" content-desc="" checkable="false" checked="false" clickable="false" enabled="true" focusable="false" focused="false" scrollable="false" long-clickable="false" password="false" selected="false" bounds="[0,0][1080,2058]"><node index="0" resource-id="com.sec.android.app.launcher:id/scrim_view" text="" class="android.view.View" package="com.sec.android.app.launcher" content-desc="" checkable="false" checked="false" clickable="false" enabled="true" focusable="false" focused="false" scrollable="false" long-clickable="false" password="false" selected="false" bounds="[0,0][1080,2058]" /><node index="1" resource-id="com.sec.android.app.launcher:id/drag_layer" text="" class="android.widget.FrameLayout" package="com.sec.android.app.launcher" content-desc="" checkable="false" checked="false" clickable="false" enabled="true" focusable="false" focused="false" scrollable="false" long-clickable="false" password="false" selected="false" bounds="[0,0][1080,2058]"><node index="0" resource-id="com.sec.android.app.launcher:id/workspace" text="" class="com.android.launcher3.PagedView" package="com.sec.android.app.launcher" content-desc="" checkable="false" checked="false" clickable="false" enabled="true" focusable="false" focused="false" scrollable="true" long-clickable="false" password="false" selected="false" bounds="[0,0][1080,2058]"><node index="0" resource-id="" text="" class="android.view.ViewGroup" package="com.sec.android.app.launcher" content-desc="" checkable="false" checked="false" clickable="true" enabled="true" focusable="false" focused="false" scrollable="false" long-clickable="true" password="false" selected="false" bounds="[24,140][1056,1775]"><node index="0" resource-id="" text="" class="android.view.ViewGroup" package="com.sec.android.app.launcher" content-desc="" checkable="false" checked="false" clickable="false" enabled="true" focusable="false" focused="false" scrollable="false" long-clickable="false" password="false" selected="false" bounds="[40,154][1040,1761]"><node index="0" resource-id="com.sec.android.app.launcher:id/home_icon" text="How to Improve Your Sales Skills, Even If You’re Not a Salesperson" class="android.widget.TextView" package="com.sec.android.app.launcher" content-desc="How to Improve Your Sales Skills, Even If You’re Not a Salesperson" checkable="false" checked="false" clickable="true" enabled="true" focusable="true" focused="false" scrollable="false" long-clickable="true" password="false" selected="false" bounds="[844,154][1040,472]" /><node index="1" resource-id="com.sec.android.app.launcher:id/home_icon" text="6 Questions to Ask Before Launching a Moon Shot Project" class="android.widget.TextView" package="com.sec.android.app.launcher" content-desc="6 Questions to Ask Before Launching a Moon Shot Project" checkable="false" checked="false" clickable="true" enabled="true" focusable="true" focused="false" scrollable="false" long-clickable="true" password="false" selected="false" bounds="[844,476][1040,794]" /><node index="2" resource-id="" text="" class="android.appwidget.AppWidgetHostView" package="com.sec.android.app.launcher" content-desc="Search" checkable="false" checked="false" clickable="false" enabled="true" focusable="true" focused="false" scrollable="false" long-clickable="true" password="false" selected="false" bounds="[40,798][1040,1116]"><node index="0" resource-id="com.google.android.googlequicksearchbox:id/default_search_widget" text="" class="android.widget.FrameLayout" package="com.google.android.googlequicksearchbox" content-desc="" checkable="false" checked="false" clickable="false" enabled="true" focusable="false" focused="false" scrollable="false" long-clickable="false" password="false" selected="false" bounds="[51,872][1029,1041]"><node index="0" resource-id="com.google.android.googlequicksearchbox:id/search_plate_container" text="" class="android.widget.FrameLayout" package="com.google.android.googlequicksearchbox" content-desc="" checkable="false" checked="false" clickable="false" enabled="true" focusable="false" focused="false" scrollable="false" long-clickable="false" password="false" selected="false" bounds="[71,892][1009,1021]"><node index="0" resource-id="com.google.android.googlequicksearchbox:id/search_widget_background_protection" text="" class="android.widget.ImageView" package="com.google.android.googlequicksearchbox" content-desc="" checkable="false" checked="false" clickable="false" enabled="true" focusable="false" focused="false" scrollable="false" long-clickable="false" password="false" selected="false" bounds="[71,892][1009,1021]" /><node index="1" resource-id="com.google.android.googlequicksearchbox:id/search_widget_background" text="" class="android.widget.ImageView" package="com.google.android.googlequicksearchbox" content-desc="" checkable="false" checked="false" clickable="false" enabled="true" focusable="false" focused="false" scrollable="false" long-clickable="false" password="false" selected="false" bounds="[71,892][1009,1021]" /><node index="2" resource-id="com.google.android.googlequicksearchbox:id/search_plate" text="" class="android.widget.LinearLayout" package="com.google.android.googlequicksearchbox" content-desc="" checkable="false" checked="false" clickable="false" enabled="true" focusable="false" focused="false" scrollable="false" long-clickable="false" password="false" selected="false" bounds="[71,892][1009,1021]"><node index="0" resource-id="com.google.android.googlequicksearchbox:id/search_widget_google_logo" text="" class="android.widget.FrameLayout" package="com.google.android.googlequicksearchbox" content-desc="Go to Discover" checkable="false" checked="false" clickable="true" enabled="true" focusable="true" focused="false" scrollable="false" long-clickable="false" password="false" selected="false" bounds="[71,892][198,1021]"><node index="0" resource-id="com.google.android.googlequicksearchbox:id/search_widget_super_g" text="" class="android.widget.ImageView" package="com.google.android.googlequicksearchbox" content-desc="" checkable="false" checked="false" clickable="false" enabled="true" focusable="false" focused="false" scrollable="false" long-clickable="false" password="false" selected="false" bounds="[71,892][198,1021]" /></node><node index="1" resource-id="com.google.android.googlequicksearchbox:id/search_edit_frame" text="" class="android.widget.FrameLayout" package="com.google.android.googlequicksearchbox" content-desc="Google search" checkable="false" checked="false" clickable="true" enabled="true" focusable="true" focused="false" scrollable="false" long-clickable="false" password="false" selected="false" bounds="[198,892][860,1021]"><node index="0" resource-id="com.google.android.googlequicksearchbox:id/hint_flipper" text="" class="android.widget.ViewFlipper" package="com.google.android.googlequicksearchbox" content-desc="" checkable="false" checked="false" clickable="false" enabled="true" focusable="false" focused="false" scrollable="false" long-clickable="false" password="false" selected="false" bounds="[198,892][860,1021]"><node index="0" resource-id="com.google.android.googlequicksearchbox:id/hint_text_alignment" text="" class="android.widget.LinearLayout" package="com.google.android.googlequicksearchbox" content-desc="" checkable="false" checked="false" clickable="false" enabled="true" focusable="false" focused="false" scrollable="false" long-clickable="false" password="false" selected="false" bounds="[198,892][860,1021]"><node index="0" resource-id="com.google.android.googlequicksearchbox:id/search_widget_voice_hint" text='Say "Hey Google"' class="android.widget.TextView" package="com.google.android.googlequicksearchbox" content-desc="" checkable="false" checked="false" clickable="false" enabled="true" focusable="false" focused="false" scrollable="false" long-clickable="false" password="false" selected="false" bounds="[545,892][860,1021]" /></node></node></node><node index="2" resource-id="com.google.android.googlequicksearchbox:id/search_widget_voice_btn" text="" class="android.widget.ImageButton" package="com.google.android.googlequicksearchbox" content-desc="Voice Search" checkable="false" checked="false" clickable="true" enabled="true" focusable="true" focused="false" scrollable="false" long-clickable="false" password="false" selected="false" bounds="[860,892][1009,1021]" /></node></node></node></node><node index="3" resource-id="com.sec.android.app.launcher:id/home_icon" text="Google" class="android.widget.TextView" package="com.sec.android.app.launcher" content-desc="Google" checkable="false" checked="false" clickable="true" enabled="true" focusable="true" focused="false" scrollable="false" long-clickable="true" password="false" selected="false" bounds="[844,1442][1040,1760]" /></node></node></node><node index="1" resource-id="com.sec.android.app.launcher:id/page_indicator" text="" class="android.widget.LinearLayout" package="com.sec.android.app.launcher" content-desc="" checkable="false" checked="false" clickable="false" enabled="true" focusable="false" focused="false" scrollable="false" long-clickable="false" password="false" selected="false" bounds="[0,1766][1080,1817]"><node index="0" resource-id="" text="" class="android.widget.FrameLayout" package="com.sec.android.app.launcher" content-desc="Page 1 of 3, Default page" checkable="false" checked="false" clickable="true" enabled="true" focusable="false" focused="false" scrollable="false" long-clickable="false" password="false" selected="false" bounds="[457,1766][512,1817]"><node index="1" resource-id="com.sec.android.app.launcher:id/active" text="" class="android.widget.ImageView" package="com.sec.android.app.launcher" content-desc="" checkable="false" checked="false" clickable="false" enabled="true" focusable="false" focused="false" scrollable="false" long-clickable="false" password="false" selected="false" bounds="[459,1766][510,1817]" /></node><node index="1" resource-id="" text="" class="android.widget.FrameLayout" package="com.sec.android.app.launcher" content-desc="Page 2 of 3" checkable="false" checked="false" clickable="true" enabled="true" focusable="false" focused="false" scrollable="false" long-clickable="false" password="false" selected="false" bounds="[512,1766][567,1817]"><node index="0" resource-id="com.sec.android.app.launcher:id/inactive" text="" class="android.widget.ImageView" package="com.sec.android.app.launcher" content-desc="" checkable="false" checked="false" clickable="false" enabled="true" focusable="false" focused="false" scrollable="false" long-clickable="false" password="false" selected="false" bounds="[514,1766][565,1817]" /></node><node index="2" resource-id="" text="" class="android.widget.FrameLayout" package="com.sec.android.app.launcher" content-desc="Page 3 of 3, Current page is last page." checkable="false" checked="false" clickable="true" enabled="true" focusable="false" focused="false" scrollable="false" long-clickable="false" password="false" selected="false" bounds="[567,1766][622,1817]"><node index="0" resource-id="com.sec.android.app.launcher:id/inactive" text="" class="android.widget.ImageView" package="com.sec.android.app.launcher" content-desc="" checkable="false" checked="false" clickable="false" enabled="true" focusable="false" focused="false" scrollable="false" long-clickable="false" password="false" selected="false" bounds="[569,1766][620,1817]" /></node></node><node index="2" resource-id="com.sec.android.app.launcher:id/hotseat" text="" class="android.view.ViewGroup" package="com.sec.android.app.launcher" content-desc="" checkable="false" checked="false" clickable="false" enabled="true" focusable="false" focused="false" scrollable="false" long-clickable="false" password="false" selected="false" bounds="[0,1822][1080,2058]"><node index="0" resource-id="" text="" class="android.view.ViewGroup" package="com.sec.android.app.launcher" content-desc="" checkable="false" checked="false" clickable="false" enabled="true" focusable="false" focused="false" scrollable="false" long-clickable="false" password="false" selected="false" bounds="[38,1822][1042,2058]"><node index="0" resource-id="com.sec.android.app.launcher:id/hotseat_icon" text="Phone" class="android.widget.TextView" package="com.sec.android.app.launcher" content-desc="Phone" checkable="false" checked="false" clickable="true" enabled="true" focusable="true" focused="false" scrollable="false" long-clickable="true" password="false" selected="false" bounds="[38,1822][234,2058]" /><node index="1" resource-id="com.sec.android.app.launcher:id/hotseat_icon" text="Messages" class="android.widget.TextView" package="com.sec.android.app.launcher" content-desc="Messages" checkable="false" checked="false" clickable="true" enabled="true" focusable="true" focused="false" scrollable="false" long-clickable="true" password="false" selected="false" bounds="[239,1822][435,2058]" /><node index="2" resource-id="com.sec.android.app.launcher:id/hotseat_icon" text="News" class="android.widget.TextView" package="com.sec.android.app.launcher" content-desc="News" checkable="false" checked="false" clickable="true" enabled="true" focusable="true" focused="false" scrollable="false" long-clickable="true" password="false" selected="false" bounds="[440,1822][636,2058]" /><node index="3" resource-id="com.sec.android.app.launcher:id/hotseat_icon" text="Maps" class="android.widget.TextView" package="com.sec.android.app.launcher" content-desc="Maps" checkable="false" checked="false" clickable="true" enabled="true" focusable="true" focused="false" scrollable="false" long-clickable="true" password="false" selected="false" bounds="[641,1822][837,2058]" /><node index="4" resource-id="com.sec.android.app.launcher:id/hotseat_icon" text="Camera" class="android.widget.TextView" package="com.sec.android.app.launcher" content-desc="Camera" checkable="false" checked="false" clickable="true" enabled="true" focusable="true" focused="false" scrollable="false" long-clickable="true" password="false" selected="false" bounds="[842,1822][1038,2058]" /></node></node></node></node></node></node></node></hierarchy>