<?xml version='1.0' encoding='UTF-8' standalone='yes' ?><hierarchy rotation="0"><node index="0" resource-id="" text="" class="android.widget.FrameLayout" package="com.sec.android.app.launcher" content-desc="" checkable="false" checked="false" clickable="false" enabled="true" focusable="false" focused="false" scrollable="false" long-clickable="false" password="false" selected="false" bounds="[0,0][1080,2058]"><node index="0" resource-id="" text="" class="android.widget.LinearLayout" package="com.sec.android.app.launcher" content-desc="" checkable="false" checked="false" clickable="false" enabled="true" focusable="false" focused="false" scrollable="false" long-clickable="false" password="false" selected="false" bounds="[0,0][1080,2058]"><node index="0" resource-id="android:id/content" text="" class="android.widget.FrameLayout" package="com.sec.android.app.launcher" content-desc="" checkable="false" checked="false" clickable="false" enabled="true" focusable="false" focused="false" scrollable="false" long-clickable="false" password="false" selected="false" bounds="[0,0][1080,2058]"><node index="0" resource-id="com.sec.android.app.launcher:id/launcher" text="" class="android.widget.FrameLayout" package="com.sec.android.app.launcher" content-desc="" checkable="false" checked="false" clickable="false" enabled="true" focusable="false" focused="false" scrollable="false" long-clickable="false" password="false" selected="false" bounds="[0,0][1080,2058]"><node index="0" resource-id="com.sec.android.app.launcher:id/scrim_view" text="" class="android.view.View" package="com.sec.android.app.launcher" content-desc="" checkable="false" checked="false" clickable="false" enabled="true" focusable="false" focused="false" scrollable="false" long-clickable="false" password="false" selected="false" bounds="[0,0][1080,2058]" /><node index="1" resource-id="com.sec.android.app.launcher:id/drag_layer" text="" class="android.widget.FrameLayout" package="com.sec.android.app.launcher" content-desc="" checkable="false" checked="false" clickable="false" enabled="true" focusable="false" focused="false" scrollable="false" long-clickable="false" password="false" selected="false" bounds="[0,0][1080,2058]"><node index="1" resource-id="com.sec.android.app.launcher:id/apptray_view" text="" class="android.widget.FrameLayout" package="com.sec.android.app.launcher" content-desc="" checkable="false" checked="false" clickable="false" enabled="true" focusable="false" focused="false" scrollable="false" long-clickable="false" password="false" selected="false" bounds="[0,0][1080,2058]"><node index="0" resource-id="com.sec.android.app.launcher:id/apps_content" text="" class="com.android.launcher3.PagedView" package="com.sec.android.app.launcher" content-desc="" checkable="false" checked="false" clickable="false" enabled="true" focusable="false" focused="false" scrollable="false" long-clickable="false" password="false" selected="false" bounds="[0,0][1080,2058]"><node index="0" resource-id="" text="" class="android.view.ViewGroup" package="com.sec.android.app.launcher" content-desc="" checkable="false" checked="false" clickable="false" enabled="true" focusable="false" focused="false" scrollable="false" long-clickable="false" password="false" selected="false" bounds="[38,81][1042,1964]"><node index="0" resource-id="" text="" class="android.view.ViewGroup" package="com.sec.android.app.launcher" content-desc="" checkable="false" checked="false" clickable="false" enabled="true" focusable="false" focused="false" scrollable="false" long-clickable="false" password="false" selected="false" bounds="[40,311][1040,1964]"><node index="0" resource-id="" text="" class="android.widget.FrameLayout" package="com.sec.android.app.launcher" content-desc="Folder: Google" checkable="false" checked="false" clickable="true" enabled="true" focusable="true" focused="false" scrollable="false" long-clickable="true" password="false" selected="false" bounds="[40,311][236,583]"><node index="0" resource-id="com.sec.android.app.launcher:id/folder_icon_name" text="Google" class="android.widget.TextView" package="com.sec.android.app.launcher" content-desc="" checkable="false" checked="false" clickable="false" enabled="true" focusable="false" focused="false" scrollable="false" long-clickable="false" password="false" selected="false" bounds="[40,477][236,583]" /></node><node index="1" resource-id="" text="" class="android.widget.FrameLayout" package="com.sec.android.app.launcher" content-desc="Folder: Samsung" checkable="false" checked="false" clickable="true" enabled="true" focusable="true" focused="false" scrollable="false" long-clickable="true" password="false" selected="false" bounds="[241,311][437,583]"><node index="0" resource-id="com.sec.android.app.launcher:id/folder_icon_name" text="Samsung" class="android.widget.TextView" package="com.sec.android.app.launcher" content-desc="" checkable="false" checked="false" clickable="false" enabled="true" focusable="false" focused="false" scrollable="false" long-clickable="false" password="false" selected="false" bounds="[241,477][437,583]" /></node><node index="2" resource-id="com.sec.android.app.launcher:id/apps_icon" text="Calculator" class="android.widget.TextView" package="com.sec.android.app.launcher" content-desc="Calculator" checkable="false" checked="false" clickable="true" enabled="true" focusable="true" focused="false" scrollable="false" long-clickable="true" password="false" selected="false" bounds="[442,311][638,583]" /><node index="3" resource-id="com.sec.android.app.launcher:id/apps_icon" text="Calendar" class="android.widget.TextView" package="com.sec.android.app.launcher" content-desc="Calendar" checkable="false" checked="false" clickable="true" enabled="true" focusable="true" focused="false" scrollable="false" long-clickable="true" password="false" selected="false" bounds="[643,311][839,583]" /><node index="4" resource-id="com.sec.android.app.launcher:id/apps_icon" text="Camera" class="android.widget.TextView" package="com.sec.android.app.launcher" content-desc="Camera" checkable="false" checked="false" clickable="true" enabled="true" focusable="true" focused="false" scrollable="false" long-clickable="true" password="false" selected="false" bounds="[844,311][1040,583]" /><node index="5" resource-id="com.sec.android.app.launcher:id/apps_icon" text="Chrome" class="android.widget.TextView" package="com.sec.android.app.launcher" content-desc="Chrome" checkable="false" checked="false" clickable="true" enabled="true" focusable="true" focused="false" scrollable="false" long-clickable="true" password="false" selected="false" bounds="[40,587][236,859]" /><node index="6" resource-id="com.sec.android.app.launcher:id/apps_icon" text="Clock" class="android.widget.TextView" package="com.sec.android.app.launcher" content-desc="Clock" checkable="false" checked="false" clickable="true" enabled="true" focusable="true" focused="false" scrollable="false" long-clickable="true" password="false" selected="false" bounds="[241,587][437,859]" /><node index="7" resource-id="com.sec.android.app.launcher:id/apps_icon" text="Contacts" class="android.widget.TextView" package="com.sec.android.app.launcher" content-desc="Contacts" checkable="false" checked="false" clickable="true" enabled="true" focusable="true" focused="false" scrollable="false" long-clickable="true" password="false" selected="false" bounds="[442,587][638,859]" /><node index="8" resource-id="com.sec.android.app.launcher:id/apps_icon" text="Gallery" class="android.widget.TextView" package="com.sec.android.app.launcher" content-desc="Gallery" checkable="false" checked="false" clickable="true" enabled="true" focusable="true" focused="false" scrollable="false" long-clickable="true" password="false" selected="false" bounds="[643,587][839,859]" /><node index="9" resource-id="com.sec.android.app.launcher:id/apps_icon" text="Gmail" class="android.widget.TextView" package="com.sec.android.app.launcher" content-desc="Gmail" checkable="false" checked="false" clickable="true" enabled="true" focusable="true" focused="false" scrollable="false" long-clickable="true" password="false" selected="false" bounds="[844,587][1040,859]" /><node index="10" resource-id="com.sec.android.app.launcher:id/apps_icon" text="Maps" class="android.widget.TextView" package="com.sec.android.app.launcher" content-desc="Maps" checkable="false" checked="false" clickable="true" enabled="true" focusable="true" focused="false" scrollable="false" long-clickable="true" password="false" selected="false" bounds="[40,863][236,1135]" /><node index="11" resource-id="com.sec.android.app.launcher:id/apps_icon" text="Messages" class="android.widget.TextView" package="com.sec.android.app.launcher" content-desc="Messages" checkable="false" checked="false" clickable="true" enabled="true" focusable="true" focused="false" scrollable="false" long-clickable="true" password="false" selected="false" bounds="[241,863][437,1135]" /><node index="12" resource-id="com.sec.android.app.launcher:id/apps_icon" text="Phone" class="android.widget.TextView" package="com.sec.android.app.launcher" content-desc="Phone" checkable="false" checked="false" clickable="true" enabled="true" focusable="true" focused="false" scrollable="false" long-clickable="true" password="false" selected="false" bounds="[442,863][638,1135]" /><node index="13" resource-id="com.sec.android.app.launcher:id/apps_icon" text="Settings" class="android.widget.TextView" package="com.sec.android.app.launcher" content-desc="Settings" checkable="false" checked="false" clickable="true" enabled="true" focusable="true" focused="false" scrollable="false" long-clickable="true" password="false" selected="false" bounds="[643,863][839,1135]" /><node index="14" resource-id="" text="" class="android.widget.FrameLayout" package="com.sec.android.app.launcher" content-desc="Folder: Shopping" checkable="false" checked="false" clickable="true" enabled="true" focusable="true" focused="false" scrollable="false" long-clickable="true" password="false" selected="false" bounds="[844,863][1040,1135]"><node index="0" resource-id="com.sec.android.app.launcher:id/folder_icon_name" text="Shopping" class="android.widget.TextView" package="com.sec.android.app.launcher" content-desc="" checkable="false" checked="false" clickable="false" enabled="true" focusable="false" focused="false" scrollable="false" long-clickable="false" password="false" selected="false" bounds="[844,1029][1040,1135]" /></node><node index="15" resource-id="" text="" class="android.widget.FrameLayout" package="com.sec.android.app.launcher" content-desc="Folder: Camera" checkable="false" checked="false" clickable="true" enabled="true" focusable="true" focused="false" scrollable="false" long-clickable="true" password="false" selected="false" bounds="[40,1139][236,1411]"><node index="0" resource-id="com.sec.android.app.launcher:id/folder_icon_name" text="Camera" class="android.widget.TextView" package="com.sec.android.app.launcher" content-desc="" checkable="false" checked="false" clickable="false" enabled="true" focusable="false" focused="false" scrollable="false" long-clickable="false" password="false" selected="false" bounds="[40,1305][236,1411]" /></node><node index="16" resource-id="" text="" class="android.widget.FrameLayout" package="com.sec.android.app.launcher" content-desc="Folder: Run" checkable="false" checked="false" clickable="true" enabled="true" focusable="true" focused="false" scrollable="false" long-clickable="true" password="false" selected="false" bounds="[241,1139][437,1411]"><node index="0" resource-id="com.sec.android.app.launcher:id/folder_icon_name" text="Run" class="android.widget.TextView" package="com.sec.android.app.launcher" content-desc="" checkable="false" checked="false" clickable="false" enabled="true" focusable="false" focused="false" scrollable="false" long-clickable="false" password="false" selected="false" bounds="[241,1305][437,1411]" /></node><node index="17" resource-id="com.sec.android.app.launcher:id/apps_icon" text="Reminder" class="android.widget.TextView" package="com.sec.android.app.launcher" content-desc="Reminder" checkable="false" checked="false" clickable="true" enabled="true" focusable="true" focused="false" scrollable="false" long-clickable="true" password="false" selected="false" bounds="[442,1139][638,1411]" /><node index="18" resource-id="" text="" class="android.widget.FrameLayout" package="com.sec.android.app.launcher" content-desc="Folder: Games" checkable="false" checked="false" clickable="true" enabled="true" focusable="true" focused="false" scrollable="false" long-clickable="true" password="false" selected="false" bounds="[643,1139][839,1411]"><node index="0" resource-id="com.sec.android.app.launcher:id/folder_icon_name" text="Games" class="android.widget.TextView" package="com.sec.android.app.launcher" content-desc="" checkable="false" checked="false" clickable="false" enabled="true" focusable="false" focused="false" scrollable="false" long-clickable="false" password="false" selected="false" bounds="[643,1305][839,1411]" /></node><node index="19" resource-id="" text="" class="android.widget.FrameLayout" package="com.sec.android.app.launcher" content-desc="Folder: Travel" checkable="false" checked="false" clickable="true" enabled="true" focusable="true" focused="false" scrollable="false" long-clickable="true" password="false" selected="false" bounds="[844,1139][1040,1411]"><node index="0" resource-id="com.sec.android.app.launcher:id/folder_icon_name" text="Travel" class="android.widget.TextView" package="com.sec.android.app.launcher" content-desc="" checkable="false" checked="false" clickable="false" enabled="true" focusable="false" focused="false" scrollable="false" long-clickable="false" password="false" selected="false" bounds="[844,1305][1040,1411]" /></node><node index="20" resource-id="com.sec.android.app.launcher:id/apps_icon" text="WhatsApp" class="android.widget.TextView" package="com.sec.android.app.launcher" content-desc="WhatsApp" checkable="false" checked="false" clickable="true" enabled="true" focusable="true" focused="false" scrollable="false" long-clickable="true" password="false" selected="false" bounds="[40,1415][236,1687]" /><node index="21" resource-id="com.sec.android.app.launcher:id/apps_icon" text="WordWeb" class="android.widget.TextView" package="com.sec.android.app.launcher" content-desc="WordWeb" checkable="false" checked="false" clickable="true" enabled="true" focusable="true" focused="false" scrollable="false" long-clickable="true" password="false" selected="false" bounds="[241,1415][437,1687]" /><node index="22" resource-id="com.sec.android.app.launcher:id/apps_icon" text="Spotify" class="android.widget.TextView" package="com.sec.android.app.launcher" content-desc="Spotify" checkable="false" checked="false" clickable="true" enabled="true" focusable="true" focused="false" scrollable="false" long-clickable="true" password="false" selected="false" bounds="[442,1415][638,1687]" /><node index="23" resource-id="com.sec.android.app.launcher:id/apps_icon" text="Airtel Services" class="android.widget.TextView" package="com.sec.android.app.launcher" content-desc="Airtel Services" checkable="false" checked="false" clickable="true" enabled="true" focusable="true" focused="false" scrollable="false" long-clickable="true" password="false" selected="false" bounds="[643,1415][839,1687]" /><node index="24" resource-id="com.sec.android.app.launcher:id/apps_icon" text="JioSaavn" class="android.widget.TextView" package="com.sec.android.app.launcher" content-desc="JioSaavn" checkable="false" checked="false" clickable="true" enabled="true" focusable="true" focused="false" scrollable="false" long-clickable="true" password="false" selected="false" bounds="[844,1415][1040,1687]" /><node index="25" resource-id="com.sec.android.app.launcher:id/apps_icon" text="Instagram" class="android.widget.TextView" package="com.sec.android.app.launcher" content-desc="Instagram" checkable="false" checked="false" clickable="true" enabled="true" focusable="true" focused="false" scrollable="false" long-clickable="true" password="false" selected="false" bounds="[40,1691][236,1963]" /><node index="26" resource-id="com.sec.android.app.launcher:id/apps_icon" text="flutterapptest" class="android.widget.TextView" package="com.sec.android.app.launcher" content-desc="flutterapptest" checkable="false" checked="false" clickable="true" enabled="true" focusable="true" focused="false" scrollable="false" long-clickable="true" password="false" selected="false" bounds="[241,1691][437,1963]" /></node></node></node><node index="1" resource-id="com.sec.android.app.launcher:id/apps_searchbar_container" text="" class="android.widget.LinearLayout" package="com.sec.android.app.launcher" content-desc="" checkable="false" checked="false" clickable="false" enabled="true" focusable="false" focused="false" scrollable="false" long-clickable="false" password="false" selected="false" bounds="[0,0][1080,270]"><node index="0" resource-id="com.sec.android.app.launcher:id/app_search_wrapper" text="" class="android.widget.RelativeLayout" package="com.sec.android.app.launcher" content-desc="" checkable="false" checked="false" clickable="false" enabled="true" focusable="false" focused="false" scrollable="false" long-clickable="false" password="false" selected="false" bounds="[0,81][1080,270]"><node index="0" resource-id="" text="" class="android.widget.LinearLayout" package="com.sec.android.app.launcher" content-desc="" checkable="false" checked="false" clickable="false" enabled="true" focusable="false" focused="false" scrollable="false" long-clickable="false" password="false" selected="false" bounds="[60,101][1020,250]"><node index="0" resource-id="com.sec.android.app.launcher:id/app_search_edit_text_wrapper" text="" class="android.widget.LinearLayout" package="com.sec.android.app.launcher" content-desc="" checkable="false" checked="false" clickable="false" enabled="true" focusable="true" focused="false" scrollable="false" long-clickable="false" password="false" selected="false" bounds="[60,101][871,250]"><node index="0" resource-id="com.sec.android.app.launcher:id/app_search_edit_text" text="Search" class="android.widget.EditText" package="com.sec.android.app.launcher" content-desc="" checkable="false" checked="false" clickable="true" enabled="true" focusable="false" focused="false" scrollable="false" long-clickable="true" password="false" selected="false" bounds="[121,101][871,250]" /></node><node index="1" resource-id="com.sec.android.app.launcher:id/more_button_container" text="" class="android.widget.FrameLayout" package="com.sec.android.app.launcher" content-desc="" checkable="false" checked="false" clickable="false" enabled="true" focusable="false" focused="false" scrollable="false" long-clickable="false" password="false" selected="false" bounds="[871,101][1020,250]"><node index="1" resource-id="com.sec.android.app.launcher:id/more_icon_imageview" text="" class="android.widget.ImageButton" package="com.sec.android.app.launcher" content-desc="More options" checkable="false" checked="false" clickable="true" enabled="true" focusable="true" focused="false" scrollable="false" long-clickable="false" password="false" selected="false" bounds="[871,101][1020,250]" /></node></node></node></node><node index="2" resource-id="com.sec.android.app.launcher:id/apps_page_indicator" text="" class="android.widget.LinearLayout" package="com.sec.android.app.launcher" content-desc="" checkable="false" checked="false" clickable="false" enabled="true" focusable="false" focused="false" scrollable="false" long-clickable="false" password="false" selected="false" bounds="[0,1956][1080,2037]"><node index="0" resource-id="" text="" class="android.widget.FrameLayout" package="com.sec.android.app.launcher" content-desc="Page 1 of 1, Current page is last page." checkable="false" checked="false" clickable="true" enabled="true" focusable="false" focused="false" scrollable="false" long-clickable="false" password="false" selected="false" bounds="[512,1971][567,2022]"><node index="1" resource-id="com.sec.android.app.launcher:id/active" text="" class="android.widget.ImageView" package="com.sec.android.app.launcher" content-desc="" checkable="false" checked="false" clickable="false" enabled="true" focusable="false" focused="false" scrollable="false" long-clickable="false" password="false" selected="false" bounds="[514,1971][565,2022]" /></node></node></node></node></node></node></node></node></hierarchy>