<?xml version='1.0' encoding='UTF-8' standalone='yes' ?><hierarchy rotation="0"><node index="0" resource-id="" text="" class="android.widget.FrameLayout" package="com.instagram.android" content-desc="" checkable="false" checked="false" clickable="false" enabled="true" focusable="false" focused="false" scrollable="false" long-clickable="false" password="false" selected="false" bounds="[0,0][1080,2058]"><node index="0" resource-id="" text="" class="android.widget.LinearLayout" package="com.instagram.android" content-desc="" checkable="false" checked="false" clickable="false" enabled="true" focusable="false" focused="false" scrollable="false" long-clickable="false" password="false" selected="false" bounds="[0,0][1080,2058]"><node index="0" resource-id="" text="" class="android.widget.FrameLayout" package="com.instagram.android" content-desc="" checkable="false" checked="false" clickable="false" enabled="true" focusable="false" focused="false" scrollable="false" long-clickable="false" password="false" selected="false" bounds="[0,0][1080,2058]"><node index="0" resource-id="com.instagram.android:id/action_bar_root" text="" class="android.widget.LinearLayout" package="com.instagram.android" content-desc="" checkable="false" checked="false" clickable="false" enabled="true" focusable="false" focused="false" scrollable="false" long-clickable="false" password="false" selected="false" bounds="[0,0][1080,2058]"><node index="0" resource-id="android:id/content" text="" class="android.widget.FrameLayout" package="com.instagram.android" content-desc="" checkable="false" checked="false" clickable="false" enabled="true" focusable="false" focused="false" scrollable="false" long-clickable="false" password="false" selected="false" bounds="[0,0][1080,2058]"><node index="0" resource-id="com.instagram.android:id/swipe_navigation_container" text="" class="android.widget.FrameLayout" package="com.instagram.android" content-desc="" checkable="false" checked="false" clickable="false" enabled="true" focusable="false" focused="false" scrollable="false" long-clickable="false" password="false" selected="false" bounds="[0,0][1080,2058]"><node index="1" resource-id="" text="" class="android.widget.FrameLayout" package="com.instagram.android" content-desc="" checkable="false" checked="false" clickable="false" enabled="true" focusable="false" focused="false" scrollable="false" long-clickable="false" password="false" selected="false" bounds="[0,0][1080,2058]"><node index="1" resource-id="com.instagram.android:id/bottom_sheet_container" text="" class="android.widget.FrameLayout" package="com.instagram.android" content-desc="" checkable="false" checked="false" clickable="false" enabled="true" focusable="false" focused="false" scrollable="false" long-clickable="false" password="false" selected="false" bounds="[0,81][1080,2058]" /><node index="2" resource-id="com.instagram.android:id/layout_container_main_panel" text="" class="android.widget.FrameLayout" package="com.instagram.android" content-desc="" checkable="false" checked="false" clickable="false" enabled="true" focusable="false" focused="false" scrollable="false" long-clickable="false" password="false" selected="false" bounds="[0,81][1080,2058]"><node index="0" resource-id="com.instagram.android:id/layout_container_main" text="" class="android.widget.FrameLayout" package="com.instagram.android" content-desc="" checkable="false" checked="false" clickable="false" enabled="true" focusable="false" focused="false" scrollable="false" long-clickable="false" password="false" selected="false" bounds="[0,81][1080,1896]"><node index="0" resource-id="" text="" class="android.widget.FrameLayout" package="com.instagram.android" content-desc="" checkable="false" checked="false" clickable="false" enabled="true" focusable="false" focused="false" scrollable="false" long-clickable="false" password="false" selected="false" bounds="[0,243][1080,1896]"><node index="0" resource-id="com.instagram.android:id/tabbed_explore_pager" text="" class="androidx.viewpager.widget.ViewPager" package="com.instagram.android" content-desc="" checkable="false" checked="false" clickable="false" enabled="true" focusable="true" focused="false" scrollable="true" long-clickable="false" password="false" selected="false" bounds="[0,243][1080,1896]"><node index="0" resource-id="" text="" class="android.widget.FrameLayout" package="com.instagram.android" content-desc="" checkable="false" checked="false" clickable="false" enabled="true" focusable="false" focused="false" scrollable="false" long-clickable="false" password="false" selected="false" bounds="[0,392][1080,1896]"><node index="0" resource-id="android:id/list" text="" class="android.widget.ListView" package="com.instagram.android" content-desc="" checkable="false" checked="false" clickable="false" enabled="true" focusable="true" focused="false" scrollable="true" long-clickable="false" password="false" selected="false" bounds="[0,392][1080,1896]"><node index="0" resource-id="com.instagram.android:id/row_hashtag_container" text="" class="android.widget.FrameLayout" package="com.instagram.android" content-desc="" checkable="false" checked="false" clickable="true" enabled="false" focusable="true" focused="false" scrollable="false" long-clickable="false" password="false" selected="false" bounds="[0,392][1080,635]"><node index="0" resource-id="" text="" class="android.widget.LinearLayout" package="com.instagram.android" content-desc="" checkable="false" checked="false" clickable="false" enabled="true" focusable="false" focused="false" scrollable="false" long-clickable="false" password="false" selected="false" bounds="[54,392][1026,635]"><node index="0" resource-id="" text="" class="android.widget.FrameLayout" package="com.instagram.android" content-desc="" checkable="false" checked="false" clickable="false" enabled="true" focusable="false" focused="false" scrollable="false" long-clickable="false" password="false" selected="false" bounds="[54,392][311,635]"><node index="0" resource-id="com.instagram.android:id/row_search_profile_image" text="" class="android.widget.ImageView" package="com.instagram.android" content-desc="" checkable="false" checked="false" clickable="false" enabled="true" focusable="false" focused="false" scrollable="false" long-clickable="false" password="false" selected="false" bounds="[68,419][257,608]" /></node><node index="1" resource-id="" text="" class="android.widget.LinearLayout" package="com.instagram.android" content-desc="" checkable="false" checked="false" clickable="false" enabled="true" focusable="false" focused="false" scrollable="false" long-clickable="false" password="false" selected="false" bounds="[311,455][1026,571]"><node index="0" resource-id="com.instagram.android:id/row_hashtag_textview_tag_name" text="#flowers" class="android.widget.TextView" package="com.instagram.android" content-desc="" checkable="false" checked="false" clickable="false" enabled="true" focusable="false" focused="false" scrollable="false" long-clickable="false" password="false" selected="false" bounds="[311,455][478,513]" /><node index="1" resource-id="com.instagram.android:id/row_hashtag_textview_tag_subtitle" text="175M posts" class="android.widget.TextView" package="com.instagram.android" content-desc="" checkable="false" checked="false" clickable="false" enabled="true" focusable="false" focused="false" scrollable="false" long-clickable="false" password="false" selected="false" bounds="[311,513][538,571]" /></node></node></node><node index="1" resource-id="com.instagram.android:id/row_hashtag_container" text="" class="android.widget.FrameLayout" package="com.instagram.android" content-desc="" checkable="false" checked="false" clickable="true" enabled="false" focusable="true" focused="false" scrollable="false" long-clickable="false" password="false" selected="false" bounds="[0,635][1080,878]"><node index="0" resource-id="" text="" class="android.widget.LinearLayout" package="com.instagram.android" content-desc="" checkable="false" checked="false" clickable="false" enabled="true" focusable="false" focused="false" scrollable="false" long-clickable="false" password="false" selected="false" bounds="[54,635][1026,878]"><node index="0" resource-id="" text="" class="android.widget.FrameLayout" package="com.instagram.android" content-desc="" checkable="false" checked="false" clickable="false" enabled="true" focusable="false" focused="false" scrollable="false" long-clickable="false" password="false" selected="false" bounds="[54,635][311,878]"><node index="0" resource-id="com.instagram.android:id/row_search_profile_image" text="" class="android.widget.ImageView" package="com.instagram.android" content-desc="" checkable="false" checked="false" clickable="false" enabled="true" focusable="false" focused="false" scrollable="false" long-clickable="false" password="false" selected="false" bounds="[68,662][257,851]" /></node><node index="1" resource-id="" text="" class="android.widget.LinearLayout" package="com.instagram.android" content-desc="" checkable="false" checked="false" clickable="false" enabled="true" focusable="false" focused="false" scrollable="false" long-clickable="false" password="false" selected="false" bounds="[311,698][1026,814]"><node index="0" resource-id="com.instagram.android:id/row_hashtag_textview_tag_name" text="#flower" class="android.widget.TextView" package="com.instagram.android" content-desc="" checkable="false" checked="false" clickable="false" enabled="true" focusable="false" focused="false" scrollable="false" long-clickable="false" password="false" selected="false" bounds="[311,698][456,756]" /><node index="1" resource-id="com.instagram.android:id/row_hashtag_textview_tag_subtitle" text="84.3M posts" class="android.widget.TextView" package="com.instagram.android" content-desc="" checkable="false" checked="false" clickable="false" enabled="true" focusable="false" focused="false" scrollable="false" long-clickable="false" password="false" selected="false" bounds="[311,756][550,814]" /></node></node></node><node index="2" resource-id="com.instagram.android:id/row_search_user_container" text="" class="android.widget.FrameLayout" package="com.instagram.android" content-desc="" checkable="false" checked="false" clickable="true" enabled="false" focusable="true" focused="false" scrollable="false" long-clickable="false" password="false" selected="false" bounds="[0,878][1080,1121]"><node index="0" resource-id="com.instagram.android:id/row_search_user_info_container" text="" class="android.widget.LinearLayout" package="com.instagram.android" content-desc="" checkable="false" checked="false" clickable="false" enabled="true" focusable="false" focused="false" scrollable="false" long-clickable="false" password="false" selected="false" bounds="[0,891][1080,1107]"><node index="0" resource-id="com.instagram.android:id/row_search_avatar_with_ring" text="" class="android.widget.FrameLayout" package="com.instagram.android" content-desc="Open story" checkable="false" checked="false" clickable="true" enabled="true" focusable="true" focused="false" scrollable="false" long-clickable="false" password="false" selected="false" bounds="[54,891][311,1107]"><node index="0" resource-id="com.instagram.android:id/reel_seen_state" text="" class="android.view.View" package="com.instagram.android" content-desc="" checkable="false" checked="false" clickable="false" enabled="true" focusable="false" focused="false" scrollable="false" long-clickable="false" password="false" selected="false" bounds="[54,891][270,1107]" /><node index="1" resource-id="com.instagram.android:id/row_search_avatar_in_ring" text="" class="android.widget.ImageView" package="com.instagram.android" content-desc="" checkable="false" checked="false" clickable="false" enabled="true" focusable="false" focused="false" scrollable="false" long-clickable="false" password="false" selected="false" bounds="[67,904][256,1093]" /></node><node index="1" resource-id="" text="" class="android.widget.LinearLayout" package="com.instagram.android" content-desc="" checkable="false" checked="false" clickable="false" enabled="true" focusable="false" focused="false" scrollable="false" long-clickable="false" password="false" selected="false" bounds="[311,941][1026,1057]"><node index="0" resource-id="com.instagram.android:id/row_search_user_username" text="flowershopcafelagos" class="android.widget.TextView" package="com.instagram.android" content-desc="" checkable="false" checked="false" clickable="false" enabled="true" focusable="false" focused="false" scrollable="false" long-clickable="false" password="false" selected="false" bounds="[311,941][712,999]" /><node index="1" resource-id="com.instagram.android:id/row_search_user_fullname" text="Flowershop Cafe" class="android.widget.TextView" package="com.instagram.android" content-desc="" checkable="false" checked="false" clickable="false" enabled="true" focusable="false" focused="false" scrollable="false" long-clickable="false" password="false" selected="false" bounds="[311,999][633,1057]" /></node></node></node><node index="3" resource-id="com.instagram.android:id/row_search_user_container" text="" class="android.widget.FrameLayout" package="com.instagram.android" content-desc="" checkable="false" checked="false" clickable="true" enabled="false" focusable="true" focused="false" scrollable="false" long-clickable="false" password="false" selected="false" bounds="[0,1121][1080,1364]"><node index="0" resource-id="com.instagram.android:id/row_search_user_info_container" text="" class="android.widget.LinearLayout" package="com.instagram.android" content-desc="" checkable="false" checked="false" clickable="false" enabled="true" focusable="false" focused="false" scrollable="false" long-clickable="false" password="false" selected="false" bounds="[0,1134][1080,1350]"><node index="0" resource-id="com.instagram.android:id/row_search_avatar_with_ring" text="" class="android.widget.FrameLayout" package="com.instagram.android" content-desc="Open story" checkable="false" checked="false" clickable="true" enabled="true" focusable="true" focused="false" scrollable="false" long-clickable="false" password="false" selected="false" bounds="[54,1134][311,1350]"><node index="0" resource-id="com.instagram.android:id/reel_seen_state" text="" class="android.view.View" package="com.instagram.android" content-desc="" checkable="false" checked="false" clickable="false" enabled="true" focusable="false" focused="false" scrollable="false" long-clickable="false" password="false" selected="false" bounds="[54,1134][270,1350]" /><node index="1" resource-id="com.instagram.android:id/row_search_avatar_in_ring" text="" class="android.widget.ImageView" package="com.instagram.android" content-desc="" checkable="false" checked="false" clickable="false" enabled="true" focusable="false" focused="false" scrollable="false" long-clickable="false" password="false" selected="false" bounds="[67,1147][256,1336]" /></node><node index="1" resource-id="" text="" class="android.widget.LinearLayout" package="com.instagram.android" content-desc="" checkable="false" checked="false" clickable="false" enabled="true" focusable="false" focused="false" scrollable="false" long-clickable="false" password="false" selected="false" bounds="[311,1184][1026,1300]"><node index="0" resource-id="com.instagram.android:id/row_search_user_username" text="flower_mania12" class="android.widget.TextView" package="com.instagram.android" content-desc="" checkable="false" checked="false" clickable="false" enabled="true" focusable="false" focused="false" scrollable="false" long-clickable="false" password="false" selected="false" bounds="[311,1184][615,1242]" /><node index="1" resource-id="com.instagram.android:id/row_search_user_fullname" text="Flower_m@nia" class="android.widget.TextView" package="com.instagram.android" content-desc="" checkable="false" checked="false" clickable="false" enabled="true" focusable="false" focused="false" scrollable="false" long-clickable="false" password="false" selected="false" bounds="[311,1242][593,1300]" /></node></node></node><node index="4" resource-id="com.instagram.android:id/row_search_user_container" text="" class="android.widget.FrameLayout" package="com.instagram.android" content-desc="" checkable="false" checked="false" clickable="true" enabled="false" focusable="true" focused="false" scrollable="false" long-clickable="false" password="false" selected="false" bounds="[0,1364][1080,1607]"><node index="0" resource-id="com.instagram.android:id/row_search_user_info_container" text="" class="android.widget.LinearLayout" package="com.instagram.android" content-desc="" checkable="false" checked="false" clickable="false" enabled="true" focusable="false" focused="false" scrollable="false" long-clickable="false" password="false" selected="false" bounds="[0,1377][1080,1593]"><node index="0" resource-id="com.instagram.android:id/row_search_avatar_with_ring" text="" class="android.widget.FrameLayout" package="com.instagram.android" content-desc="Open story" checkable="false" checked="false" clickable="true" enabled="true" focusable="true" focused="false" scrollable="false" long-clickable="false" password="false" selected="false" bounds="[54,1377][311,1593]"><node index="0" resource-id="com.instagram.android:id/reel_seen_state" text="" class="android.view.View" package="com.instagram.android" content-desc="" checkable="false" checked="false" clickable="false" enabled="true" focusable="false" focused="false" scrollable="false" long-clickable="false" password="false" selected="false" bounds="[54,1377][270,1593]" /><node index="1" resource-id="com.instagram.android:id/row_search_avatar_in_ring" text="" class="android.widget.ImageView" package="com.instagram.android" content-desc="" checkable="false" checked="false" clickable="false" enabled="true" focusable="false" focused="false" scrollable="false" long-clickable="false" password="false" selected="false" bounds="[67,1390][256,1579]" /></node><node index="1" resource-id="" text="" class="android.widget.LinearLayout" package="com.instagram.android" content-desc="" checkable="false" checked="false" clickable="false" enabled="true" focusable="false" focused="false" scrollable="false" long-clickable="false" password="false" selected="false" bounds="[311,1427][1026,1543]"><node index="0" resource-id="com.instagram.android:id/row_search_user_username" text="floretflower" class="android.widget.TextView" package="com.instagram.android" content-desc="" checkable="false" checked="false" clickable="false" enabled="true" focusable="false" focused="false" scrollable="false" long-clickable="false" password="false" selected="false" bounds="[311,1427][585,1485]" /><node index="1" resource-id="com.instagram.android:id/row_search_user_fullname" text="Erin Benzakein - Floret" class="android.widget.TextView" package="com.instagram.android" content-desc="" checkable="false" checked="false" clickable="false" enabled="true" focusable="false" focused="false" scrollable="false" long-clickable="false" password="false" selected="false" bounds="[311,1485][742,1543]" /></node></node></node><node index="5" resource-id="com.instagram.android:id/row_search_user_container" text="" class="android.widget.FrameLayout" package="com.instagram.android" content-desc="" checkable="false" checked="false" clickable="true" enabled="false" focusable="true" focused="false" scrollable="false" long-clickable="false" password="false" selected="false" bounds="[0,1607][1080,1850]"><node index="0" resource-id="com.instagram.android:id/row_search_user_info_container" text="" class="android.widget.LinearLayout" package="com.instagram.android" content-desc="" checkable="false" checked="false" clickable="false" enabled="true" focusable="false" focused="false" scrollable="false" long-clickable="false" password="false" selected="false" bounds="[0,1620][1080,1836]"><node index="0" resource-id="com.instagram.android:id/row_search_avatar_with_ring" text="" class="android.widget.FrameLayout" package="com.instagram.android" content-desc="Open story" checkable="false" checked="false" clickable="true" enabled="true" focusable="true" focused="false" scrollable="false" long-clickable="false" password="false" selected="false" bounds="[54,1620][311,1836]"><node index="0" resource-id="com.instagram.android:id/reel_seen_state" text="" class="android.view.View" package="com.instagram.android" content-desc="" checkable="false" checked="false" clickable="false" enabled="true" focusable="false" focused="false" scrollable="false" long-clickable="false" password="false" selected="false" bounds="[54,1620][270,1836]" /><node index="1" resource-id="com.instagram.android:id/row_search_avatar_in_ring" text="" class="android.widget.ImageView" package="com.instagram.android" content-desc="" checkable="false" checked="false" clickable="false" enabled="true" focusable="false" focused="false" scrollable="false" long-clickable="false" password="false" selected="false" bounds="[67,1633][256,1822]" /></node><node index="1" resource-id="" text="" class="android.widget.LinearLayout" package="com.instagram.android" content-desc="" checkable="false" checked="false" clickable="false" enabled="true" focusable="false" focused="false" scrollable="false" long-clickable="false" password="false" selected="false" bounds="[311,1670][1026,1786]"><node index="0" resource-id="com.instagram.android:id/row_search_user_username" text="ponyfony_flowers" class="android.widget.TextView" package="com.instagram.android" content-desc="" checkable="false" checked="false" clickable="false" enabled="true" focusable="false" focused="false" scrollable="false" long-clickable="false" password="false" selected="false" bounds="[311,1670][648,1728]" /><node index="1" resource-id="com.instagram.android:id/row_search_user_fullname" text="Flowers from around the world" class="android.widget.TextView" package="com.instagram.android" content-desc="" checkable="false" checked="false" clickable="false" enabled="true" focusable="false" focused="false" scrollable="false" long-clickable="false" password="false" selected="false" bounds="[311,1728][896,1786]" /></node></node></node><node index="6" resource-id="com.instagram.android:id/row_search_user_container" text="" class="android.widget.FrameLayout" package="com.instagram.android" content-desc="" checkable="false" checked="false" clickable="true" enabled="false" focusable="true" focused="false" scrollable="false" long-clickable="false" password="false" selected="false" bounds="[0,1850][1080,1896]"><node index="0" resource-id="com.instagram.android:id/row_search_user_info_container" text="" class="android.widget.LinearLayout" package="com.instagram.android" content-desc="" checkable="false" checked="false" clickable="false" enabled="true" focusable="false" focused="false" scrollable="false" long-clickable="false" password="false" selected="false" bounds="[0,1863][1080,1896]"><node index="0" resource-id="com.instagram.android:id/row_search_avatar_with_ring" text="" class="android.widget.FrameLayout" package="com.instagram.android" content-desc="Open story" checkable="false" checked="false" clickable="true" enabled="true" focusable="true" focused="false" scrollable="false" long-clickable="false" password="false" selected="false" bounds="[54,1863][311,1896]"><node index="0" resource-id="com.instagram.android:id/reel_seen_state" text="" class="android.view.View" package="com.instagram.android" content-desc="" checkable="false" checked="false" clickable="false" enabled="true" focusable="false" focused="false" scrollable="false" long-clickable="false" password="false" selected="false" bounds="[54,1863][270,1896]" /><node index="1" resource-id="com.instagram.android:id/row_search_avatar_in_ring" text="" class="android.widget.ImageView" package="com.instagram.android" content-desc="" checkable="false" checked="false" clickable="false" enabled="true" focusable="false" focused="false" scrollable="false" long-clickable="false" password="false" selected="false" bounds="[67,1876][256,1896]" /></node></node></node></node></node></node><node index="1" resource-id="com.instagram.android:id/view_switcher_container" text="" class="android.widget.LinearLayout" package="com.instagram.android" content-desc="" checkable="false" checked="false" clickable="false" enabled="true" focusable="false" focused="false" scrollable="false" long-clickable="false" password="false" selected="false" bounds="[0,243][1080,416]"><node index="0" resource-id="com.instagram.android:id/fixed_tabbar_view" text="" class="android.widget.FrameLayout" package="com.instagram.android" content-desc="" checkable="false" checked="false" clickable="false" enabled="true" focusable="false" focused="false" scrollable="false" long-clickable="false" password="false" selected="false" bounds="[0,243][1080,392]"><node index="0" resource-id="com.instagram.android:id/fixed_tabbar_tabs_container" text="" class="android.widget.LinearLayout" package="com.instagram.android" content-desc="" checkable="false" checked="false" clickable="false" enabled="true" focusable="false" focused="false" scrollable="false" long-clickable="false" password="false" selected="false" bounds="[0,243][1080,392]"><node index="0" resource-id="" text="" class="android.widget.FrameLayout" package="com.instagram.android" content-desc="" checkable="false" checked="false" clickable="true" enabled="true" focusable="true" focused="false" scrollable="false" long-clickable="false" password="false" selected="true" bounds="[0,243][270,392]"><node index="0" resource-id="com.instagram.android:id/tab_button_name_text" text="TOP" class="android.widget.TextView" package="com.instagram.android" content-desc="" checkable="false" checked="false" clickable="false" enabled="true" focusable="false" focused="false" scrollable="false" long-clickable="false" password="false" selected="true" bounds="[94,289][175,346]" /></node><node index="1" resource-id="" text="" class="android.widget.FrameLayout" package="com.instagram.android" content-desc="" checkable="false" checked="false" clickable="true" enabled="true" focusable="true" focused="false" scrollable="false" long-clickable="false" password="false" selected="false" bounds="[270,243][540,392]"><node index="0" resource-id="com.instagram.android:id/tab_button_name_text" text="ACCOUNTS" class="android.widget.TextView" package="com.instagram.android" content-desc="" checkable="false" checked="false" clickable="false" enabled="true" focusable="false" focused="false" scrollable="false" long-clickable="false" password="false" selected="false" bounds="[296,289][514,346]" /></node><node index="2" resource-id="" text="" class="android.widget.FrameLayout" package="com.instagram.android" content-desc="" checkable="false" checked="false" clickable="true" enabled="true" focusable="true" focused="false" scrollable="false" long-clickable="false" password="false" selected="false" bounds="[540,243][810,392]"><node index="0" resource-id="com.instagram.android:id/tab_button_name_text" text="TAGS" class="android.widget.TextView" package="com.instagram.android" content-desc="" checkable="false" checked="false" clickable="false" enabled="true" focusable="false" focused="false" scrollable="false" long-clickable="false" password="false" selected="false" bounds="[622,289][728,346]" /></node><node index="3" resource-id="" text="" class="android.widget.FrameLayout" package="com.instagram.android" content-desc="" checkable="false" checked="false" clickable="true" enabled="true" focusable="true" focused="false" scrollable="false" long-clickable="false" password="false" selected="false" bounds="[810,243][1080,392]"><node index="0" resource-id="com.instagram.android:id/tab_button_name_text" text="PLACES" class="android.widget.TextView" package="com.instagram.android" content-desc="" checkable="false" checked="false" clickable="false" enabled="true" focusable="false" focused="false" scrollable="false" long-clickable="false" password="false" selected="false" bounds="[868,289][1022,346]" /></node></node><node index="1" resource-id="com.instagram.android:id/selected_tab_indicator" text="" class="android.view.View" package="com.instagram.android" content-desc="" checkable="false" checked="false" clickable="false" enabled="true" focusable="false" focused="false" scrollable="false" long-clickable="false" password="false" selected="false" bounds="[0,389][1080,392]" /></node><node index="1" resource-id="com.instagram.android:id/view_switcher_shadow" text="" class="android.view.View" package="com.instagram.android" content-desc="" checkable="false" checked="false" clickable="false" enabled="true" focusable="false" focused="false" scrollable="false" long-clickable="false" password="false" selected="false" bounds="[0,392][1080,416]" /></node></node></node><node index="1" resource-id="com.instagram.android:id/action_bar_container" text="" class="android.widget.FrameLayout" package="com.instagram.android" content-desc="" checkable="false" checked="false" clickable="false" enabled="true" focusable="false" focused="false" scrollable="false" long-clickable="false" password="false" selected="false" bounds="[0,81][1080,243]"><node index="0" resource-id="com.instagram.android:id/action_bar_wrapper" text="" class="android.widget.FrameLayout" package="com.instagram.android" content-desc="" checkable="false" checked="false" clickable="false" enabled="true" focusable="false" focused="false" scrollable="false" long-clickable="false" password="false" selected="false" bounds="[0,81][1080,243]"><node index="0" resource-id="com.instagram.android:id/action_bar" text="" class="android.widget.LinearLayout" package="com.instagram.android" content-desc="" checkable="false" checked="false" clickable="true" enabled="true" focusable="true" focused="false" scrollable="false" long-clickable="false" password="false" selected="false" bounds="[0,81][1080,243]"><node index="0" resource-id="com.instagram.android:id/action_bar_button_back" text="" class="android.widget.ImageView" package="com.instagram.android" content-desc="Back" checkable="false" checked="false" clickable="true" enabled="true" focusable="true" focused="false" scrollable="false" long-clickable="false" password="false" selected="false" bounds="[0,81][162,243]" /><node index="1" resource-id="com.instagram.android:id/action_bar_textview_custom_title_container" text="" class="android.widget.FrameLayout" package="com.instagram.android" content-desc="" checkable="false" checked="false" clickable="false" enabled="true" focusable="false" focused="false" scrollable="false" long-clickable="false" password="false" selected="false" bounds="[162,81][1080,243]"><node index="0" resource-id="" text="" class="android.widget.LinearLayout" package="com.instagram.android" content-desc="" checkable="false" checked="false" clickable="false" enabled="true" focusable="false" focused="false" scrollable="false" long-clickable="false" password="false" selected="false" bounds="[203,101][1039,223]"><node index="0" resource-id="com.instagram.android:id/action_bar_search_edit_text" text="flower" class="android.widget.EditText" package="com.instagram.android" content-desc="" checkable="false" checked="false" clickable="true" enabled="true" focusable="true" focused="true" scrollable="false" long-clickable="true" password="false" selected="false" bounds="[203,101][958,223]" /><node index="1" resource-id="com.instagram.android:id/action_bar_search_clear" text="" class="android.widget.ImageButton" package="com.instagram.android" content-desc="Clear" checkable="false" checked="false" clickable="true" enabled="true" focusable="true" focused="false" scrollable="false" long-clickable="false" password="false" selected="false" bounds="[958,101][1039,223]" /></node></node></node></node></node><node index="2" resource-id="com.instagram.android:id/tab_bar_shadow" text="" class="android.view.View" package="com.instagram.android" content-desc="" checkable="false" checked="false" clickable="false" enabled="true" focusable="false" focused="false" scrollable="false" long-clickable="false" password="false" selected="false" bounds="[0,1872][1080,1896]" /><node index="3" resource-id="com.instagram.android:id/tab_bar" text="" class="android.widget.LinearLayout" package="com.instagram.android" content-desc="" checkable="false" checked="false" clickable="false" enabled="true" focusable="false" focused="false" scrollable="false" long-clickable="false" password="false" selected="false" bounds="[0,1896][1080,2058]"><node index="0" resource-id="" text="" class="android.widget.FrameLayout" package="com.instagram.android" content-desc="Home" checkable="false" checked="false" clickable="true" enabled="true" focusable="true" focused="false" scrollable="false" long-clickable="false" password="false" selected="false" bounds="[0,1896][216,2058]"><node index="0" resource-id="com.instagram.android:id/tab_icon" text="" class="android.widget.ImageView" package="com.instagram.android" content-desc="" checkable="false" checked="false" clickable="false" enabled="true" focusable="false" focused="false" scrollable="false" long-clickable="false" password="false" selected="false" bounds="[67,1936][148,2017]" /></node><node index="1" resource-id="" text="" class="android.widget.FrameLayout" package="com.instagram.android" content-desc="Search and Explore" checkable="false" checked="false" clickable="true" enabled="true" focusable="true" focused="false" scrollable="false" long-clickable="true" password="false" selected="true" bounds="[216,1896][432,2058]"><node index="0" resource-id="com.instagram.android:id/tab_icon" text="" class="android.widget.ImageView" package="com.instagram.android" content-desc="" checkable="false" checked="false" clickable="false" enabled="true" focusable="false" focused="false" scrollable="false" long-clickable="false" password="false" selected="true" bounds="[283,1936][364,2017]" /></node><node index="2" resource-id="" text="" class="android.widget.FrameLayout" package="com.instagram.android" content-desc="Camera" checkable="false" checked="false" clickable="true" enabled="true" focusable="true" focused="false" scrollable="false" long-clickable="true" password="false" selected="false" bounds="[432,1896][648,2058]"><node index="0" resource-id="com.instagram.android:id/tab_icon" text="" class="android.widget.ImageView" package="com.instagram.android" content-desc="" checkable="false" checked="false" clickable="false" enabled="true" focusable="false" focused="false" scrollable="false" long-clickable="false" password="false" selected="false" bounds="[499,1936][580,2017]" /></node><node index="3" resource-id="" text="" class="android.widget.FrameLayout" package="com.instagram.android" content-desc="Activity" checkable="false" checked="false" clickable="true" enabled="true" focusable="true" focused="false" scrollable="false" long-clickable="false" password="false" selected="false" bounds="[648,1896][864,2058]"><node index="0" resource-id="com.instagram.android:id/tab_icon" text="" class="android.widget.ImageView" package="com.instagram.android" content-desc="" checkable="false" checked="false" clickable="false" enabled="true" focusable="false" focused="false" scrollable="false" long-clickable="false" password="false" selected="false" bounds="[715,1936][796,2017]" /></node><node index="4" resource-id="com.instagram.android:id/profile_tab" text="" class="android.widget.FrameLayout" package="com.instagram.android" content-desc="Profile" checkable="false" checked="false" clickable="true" enabled="true" focusable="true" focused="false" scrollable="false" long-clickable="false" password="false" selected="false" bounds="[864,1896][1080,2058]"><node index="0" resource-id="com.instagram.android:id/tab_icon" text="" class="android.widget.ImageView" package="com.instagram.android" content-desc="" checkable="false" checked="false" clickable="false" enabled="true" focusable="false" focused="false" scrollable="false" long-clickable="false" password="false" selected="false" bounds="[931,1936][1012,2017]" /></node></node></node></node></node></node></node></node></node></node></hierarchy>